ID,Perfil_Riesgo,Prediccion_IA,Hit_target
1,Perfil Estable,Perfil Estable,95.17391304347827
2,Perfil Estable,Perfil Estable,93.33333333333333
3,Perfil Estable,Perfil Estable,94.76288659793815
4,Perfil Estable,Perfil Estable,95.0
5,Perfil Estable,Perfil Estable,91.72222222222223
6,Perfil Estable,Perfil Estable,94.875
7,Perfil de Inestabilidad,Perfil de Inestabilidad,94.66666666666667
8,Perfil Estable,Perfil Estable,88.0
9,Perfil Estable,Perfil Estable,95.875
10,Junior Vulnerable,Junior Vulnerable,94.0
11,Perfil Estable,Perfil Estable,93.85
12,Junior Vulnerable,Junior Vulnerable,96.14285714285714
13,Perfil Estable,Perfil Estable,92.86666666666666
14,Perfil Estable,Perfil Estable,95.6896551724138
15,Perfil Estable,Perfil Estable,92.41666666666667
16,Perfil Estable,Perfil Estable,97.5
17,Perfil Estable,Perfil Estable,96.0
18,Junior Vulnerable,Perfil Estable,96.25
19,Perfil Estable,Perfil Estable,89.33333333333333
20,Perfil Estable,Perfil Estable,94.57142857142857
21,Perfil Estable,Perfil Estable,94.0
22,Perfil Estable,Perfil Estable,95.02439024390245
23,Perfil de Inestabilidad,Saturado Logístico,96.125
24,Perfil Estable,Perfil Estable,94.14285714285714
25,Perfil Estable,Perfil Estable,95.6
26,Perfil Estable,Perfil Estable,95.4
27,Saturado Logístico,Saturado Logístico,95.16666666666667
28,Perfil Estable,Perfil Estable,94.93243243243244
29,Perfil Estable,Perfil Estable,97.2
30,Perfil Estable,Perfil Estable,93.71428571428571
31,Perfil de Inestabilidad,Perfil de Inestabilidad,96.66666666666667
32,Saturado Logístico,Saturado Logístico,92.6
33,Perfil Estable,Perfil Estable,94.79166666666667
34,Perfil Estable,Perfil Estable,94.62
35,Perfil Estable,Perfil Estable,95.0
36,Perfil Estable,Perfil Estable,94.32352941176471
37,Perfil Estable,Perfil Estable,97.0
38,Saturado Logístico,Saturado Logístico,81.0
39,Perfil Estable,Perfil Estable,96.0
40,Perfil Estable,Junior Vulnerable,97.0
41,Perfil Estable,Perfil Estable,96.0
42,Saturado Logístico,Saturado Logístico,93.0
43,Perfil Estable,Perfil Estable,94.0
44,Perfil Estable,Perfil Estable,93.0
45,Perfil Estable,Perfil Estable,93.0
46,Saturado Logístico,Saturado Logístico,93.0
47,Perfil Estable,Perfil Estable,96.0
48,Saturado Logístico,Saturado Logístico,96.0
49,Perfil Estable,Perfil Estable,99.0
50,Perfil Estable,Perfil Estable,97.0
51,Saturado Logístico,Saturado Logístico,91.0
52,Perfil Estable,Perfil Estable,96.0
53,Perfil Estable,Perfil Estable,99.0
54,Perfil Estable,Perfil Estable,97.0
55,Perfil Estable,Perfil Estable,98.0
56,Saturado Logístico,Saturado Logístico,95.0
57,Perfil Estable,Perfil Estable,99.0
58,Perfil Estable,Perfil Estable,99.0
59,Perfil Estable,Perfil Estable,99.0
60,Perfil Estable,Perfil Estable,92.0
61,Perfil Estable,Perfil Estable,97.0
62,Saturado Logístico,Saturado Logístico,95.0
63,Perfil Estable,Perfil Estable,99.0
64,Saturado Logístico,Saturado Logístico,92.0
65,Saturado Logístico,Saturado Logístico,93.0
66,Perfil Estable,Perfil Estable,91.0
67,Saturado Logístico,Saturado Logístico,96.0
68,Perfil Estable,Perfil Estable,99.0
69,Saturado Logístico,Saturado Logístico,91.0
70,Saturado Logístico,Saturado Logístico,96.0
71,Perfil Estable,Perfil Estable,93.0
72,Perfil Estable,Perfil Estable,88.0
73,Saturado Logístico,Saturado Logístico,100.0
74,Saturado Logístico,Saturado Logístico,96.0
75,Perfil Estable,Perfil Estable,93.0
76,Perfil Estable,Perfil Estable,92.0
77,Perfil Estable,Perfil Estable,97.0
78,Saturado Logístico,Saturado Logístico,81.0
79,Perfil Estable,Perfil Estable,93.0
80,Perfil Estable,Perfil Estable,92.0
81,Perfil Estable,Perfil Estable,96.0
82,Saturado Logístico,Saturado Logístico,99.0
83,Perfil Estable,Perfil Estable,95.0
84,Saturado Logístico,Saturado Logístico,91.0
85,Saturado Logístico,Saturado Logístico,93.0
86,Perfil Estable,Perfil Estable,93.0
87,Perfil Estable,Perfil Estable,97.0
88,Perfil Estable,Perfil Estable,96.0
89,Saturado Logístico,Saturado Logístico,92.0
90,Perfil Estable,Perfil Estable,98.0
91,Perfil Estable,Perfil Estable,97.0
92,Perfil Estable,Perfil Estable,91.0
93,Perfil Estable,Perfil Estable,97.0
94,Saturado Logístico,Saturado Logístico,97.0
95,Perfil Estable,Perfil Estable,97.0
96,Perfil Estable,Perfil Estable,93.0
97,Perfil Estable,Perfil Estable,92.0
98,Perfil Estable,Perfil Estable,99.0
99,Saturado Logístico,Saturado Logístico,96.0
100,Perfil Estable,Perfil Estable,95.0
101,Saturado Logístico,Saturado Logístico,91.0
102,Junior Vulnerable,Junior Vulnerable,94.0
103,Perfil Estable,Perfil Estable,94.0
104,Perfil Estable,Perfil Estable,99.0
105,Saturado Logístico,Saturado Logístico,97.0
106,Perfil Estable,Perfil Estable,93.0
107,Saturado Logístico,Saturado Logístico,96.0
108,Perfil Estable,Perfil Estable,97.0
109,Perfil Estable,Perfil Estable,97.0
110,Perfil Estable,Perfil Estable,100.0
111,Perfil Estable,Perfil Estable,93.0
112,Perfil Estable,Perfil Estable,95.0
113,Perfil Estable,Perfil Estable,98.0
114,Perfil Estable,Perfil Estable,92.0
115,Perfil Estable,Perfil Estable,98.0
116,Saturado Logístico,Saturado Logístico,96.0
117,Perfil Estable,Perfil Estable,93.0
118,Perfil Estable,Perfil Estable,93.0
119,Perfil Estable,Perfil Estable,95.0
120,Perfil Estable,Perfil Estable,96.0
121,Perfil Estable,Perfil Estable,93.0
122,Perfil Estable,Perfil Estable,97.0
123,Perfil Estable,Perfil Estable,95.0
124,Perfil Estable,Perfil Estable,97.0
125,Saturado Logístico,Saturado Logístico,99.0
126,Perfil Estable,Perfil Estable,99.0
127,Perfil Estable,Perfil Estable,97.0
128,Perfil Estable,Perfil Estable,98.0
129,Perfil Estable,Perfil Estable,92.0
130,Saturado Logístico,Saturado Logístico,97.0
131,Perfil Estable,Perfil Estable,98.0
132,Saturado Logístico,Saturado Logístico,94.0
133,Perfil Estable,Perfil Estable,99.0
134,Saturado Logístico,Saturado Logístico,97.0
135,Perfil Estable,Perfil Estable,93.0
136,Perfil Estable,Perfil Estable,92.0
137,Saturado Logístico,Saturado Logístico,91.0
138,Perfil Estable,Perfil Estable,95.0
139,Perfil Estable,Perfil Estable,94.0
140,Perfil Estable,Perfil Estable,99.0
141,Perfil Estable,Perfil Estable,93.0
142,Perfil Estable,Perfil Estable,97.0
143,Saturado Logístico,Saturado Logístico,99.0
144,Saturado Logístico,Saturado Logístico,93.0
145,Perfil Estable,Perfil Estable,93.0
146,Saturado Logístico,Saturado Logístico,95.0
147,Saturado Logístico,Saturado Logístico,93.0
148,Saturado Logístico,Saturado Logístico,95.0
149,Perfil Estable,Perfil Estable,97.0
150,Perfil Estable,Perfil Estable,96.0
151,Saturado Logístico,Saturado Logístico,94.0
152,Perfil Estable,Perfil Estable,92.0
153,Perfil Estable,Perfil Estable,99.0
154,Perfil Estable,Perfil Estable,99.0
155,Perfil Estable,Perfil Estable,92.0
156,Saturado Logístico,Saturado Logístico,92.0
157,Perfil Estable,Perfil Estable,93.0
158,Saturado Logístico,Saturado Logístico,95.0
159,Saturado Logístico,Saturado Logístico,94.0
160,Perfil Estable,Perfil Estable,93.0
161,Perfil Estable,Perfil Estable,93.0
162,Saturado Logístico,Saturado Logístico,91.0
163,Saturado Logístico,Saturado Logístico,93.0
164,Perfil Estable,Perfil Estable,93.0
165,Perfil Estable,Perfil Estable,99.0
166,Saturado Logístico,Saturado Logístico,96.0
167,Saturado Logístico,Saturado Logístico,92.0
168,Perfil Estable,Perfil Estable,97.0
169,Junior Vulnerable,Perfil Estable,95.0
170,Perfil Estable,Perfil Estable,96.0
171,Perfil Estable,Perfil Estable,98.0
172,Perfil Estable,Perfil Estable,96.0
173,Perfil Estable,Perfil Estable,93.0
174,Saturado Logístico,Saturado Logístico,97.0
175,Perfil Estable,Perfil Estable,97.0
176,Perfil Estable,Perfil Estable,93.0
177,Perfil Estable,Perfil Estable,97.0
178,Junior Vulnerable,Perfil Estable,98.0
179,Saturado Logístico,Saturado Logístico,95.0
180,Perfil Estable,Perfil Estable,92.0
181,Perfil Estable,Perfil Estable,99.0
182,Perfil Estable,Perfil Estable,97.0
183,Perfil Estable,Junior Vulnerable,99.0
184,Perfil Estable,Perfil Estable,95.0
185,Perfil Estable,Perfil Estable,88.0
186,Perfil Estable,Perfil Estable,94.0
187,Perfil Estable,Perfil Estable,95.0
188,Saturado Logístico,Saturado Logístico,96.0
189,Perfil Estable,Perfil Estable,99.0
190,Perfil Estable,Perfil Estable,88.0
191,Perfil Estable,Perfil Estable,98.0
192,Perfil Estable,Perfil Estable,99.0
193,Perfil Estable,Perfil Estable,92.0
194,Perfil Estable,Perfil Estable,99.0
195,Perfil Estable,Perfil Estable,99.0
196,Perfil Estable,Perfil Estable,95.0
197,Perfil de Inestabilidad,Perfil Estable,97.0
198,Perfil Estable,Perfil Estable,98.0
199,Perfil Estable,Perfil Estable,93.0
200,Perfil Estable,Perfil Estable,99.0
201,Saturado Logístico,Saturado Logístico,94.0
202,Perfil Estable,Perfil Estable,97.0
203,Perfil Estable,Perfil Estable,97.0
204,Perfil Estable,Perfil Estable,98.0
205,Saturado Logístico,Saturado Logístico,81.0
206,Perfil Estable,Perfil Estable,94.0
207,Perfil Estable,Perfil Estable,99.0
208,Perfil de Inestabilidad,Perfil de Inestabilidad,92.0
209,Perfil Estable,Perfil Estable,93.0
210,Perfil Estable,Perfil Estable,92.0
211,Perfil Estable,Perfil Estable,99.0
212,Perfil Estable,Perfil Estable,93.0
213,Perfil Estable,Perfil Estable,94.0
214,Perfil Estable,Perfil Estable,99.0
215,Perfil Estable,Perfil Estable,95.0
216,Perfil Estable,Perfil Estable,91.0
217,Perfil Estable,Perfil Estable,92.0
218,Saturado Logístico,Saturado Logístico,91.0
219,Perfil Estable,Perfil Estable,99.0
220,Perfil Estable,Perfil Estable,96.0
221,Saturado Logístico,Saturado Logístico,93.0
222,Perfil Estable,Perfil Estable,93.0
223,Perfil Estable,Perfil Estable,96.0
224,Perfil Estable,Perfil Estable,97.0
225,Saturado Logístico,Saturado Logístico,96.0
226,Perfil Estable,Perfil Estable,93.0
227,Perfil Estable,Perfil Estable,93.0
228,Perfil Estable,Perfil Estable,93.0
229,Perfil Estable,Perfil Estable,91.0
230,Perfil Estable,Perfil Estable,93.0
231,Perfil Estable,Perfil Estable,88.0
232,Saturado Logístico,Saturado Logístico,99.0
233,Perfil Estable,Perfil Estable,92.0
234,Perfil Estable,Perfil Estable,87.0
235,Perfil Estable,Perfil Estable,91.0
236,Perfil Estable,Perfil Estable,98.0
237,Saturado Logístico,Saturado Logístico,91.0
238,Saturado Logístico,Saturado Logístico,99.0
239,Perfil Estable,Perfil Estable,96.0
240,Perfil Estable,Perfil Estable,93.0
241,Perfil Estable,Perfil Estable,99.0
242,Saturado Logístico,Saturado Logístico,97.0
243,Perfil Estable,Perfil Estable,92.0
244,Perfil Estable,Perfil Estable,99.0
245,Saturado Logístico,Saturado Logístico,95.0
246,Perfil Estable,Perfil Estable,93.0
247,Perfil Estable,Perfil Estable,99.0
248,Perfil Estable,Perfil Estable,95.0
249,Perfil Estable,Perfil Estable,88.0
250,Perfil Estable,Perfil Estable,92.0
251,Perfil Estable,Perfil Estable,98.0
252,Perfil Estable,Perfil Estable,97.0
253,Perfil Estable,Perfil Estable,99.0
254,Saturado Logístico,Saturado Logístico,91.0
255,Perfil Estable,Perfil Estable,94.0
256,Saturado Logístico,Saturado Logístico,96.0
257,Perfil Estable,Perfil Estable,92.0
258,Perfil Estable,Perfil Estable,98.0
259,Perfil Estable,Perfil Estable,96.0
260,Junior Vulnerable,Junior Vulnerable,93.0
261,Perfil Estable,Perfil Estable,97.0
262,Perfil Estable,Perfil Estable,99.0
263,Saturado Logístico,Saturado Logístico,95.0
264,Perfil Estable,Perfil Estable,93.0
265,Saturado Logístico,Saturado Logístico,95.0
266,Perfil Estable,Perfil Estable,97.0
267,Saturado Logístico,Saturado Logístico,94.0
268,Perfil Estable,Perfil Estable,98.0
269,Saturado Logístico,Saturado Logístico,95.0
270,Perfil Estable,Perfil Estable,93.0
271,Saturado Logístico,Saturado Logístico,95.0
272,Perfil Estable,Perfil Estable,99.0
273,Perfil Estable,Perfil Estable,96.0
274,Perfil Estable,Perfil Estable,96.0
275,Perfil Estable,Perfil Estable,97.0
276,Perfil Estable,Perfil Estable,98.0
277,Perfil Estable,Perfil Estable,97.0
278,Perfil Estable,Perfil Estable,88.0
279,Perfil Estable,Perfil Estable,95.0
280,Perfil Estable,Perfil Estable,91.0
281,Saturado Logístico,Saturado Logístico,92.0
282,Perfil Estable,Perfil Estable,98.0
283,Perfil Estable,Perfil Estable,93.0
284,Perfil Estable,Perfil Estable,95.0
285,Perfil Estable,Perfil Estable,98.0
286,Junior Vulnerable,Junior Vulnerable,99.0
287,Perfil Estable,Perfil Estable,92.0
288,Perfil de Inestabilidad,Perfil de Inestabilidad,92.0
289,Perfil Estable,Perfil Estable,98.0
290,Perfil Estable,Perfil Estable,92.0
291,Perfil Estable,Perfil Estable,93.0
292,Saturado Logístico,Saturado Logístico,91.0
293,Perfil Estable,Perfil Estable,98.0
294,Perfil Estable,Perfil Estable,93.0
295,Perfil Estable,Perfil Estable,93.0
296,Perfil Estable,Perfil Estable,93.0
297,Saturado Logístico,Saturado Logístico,95.0
298,Saturado Logístico,Saturado Logístico,93.0
299,Perfil Estable,Perfil Estable,92.0
300,Perfil Estable,Perfil Estable,92.0
301,Perfil Estable,Perfil Estable,95.0
302,Perfil Estable,Perfil Estable,99.0
303,Saturado Logístico,Saturado Logístico,96.0
304,Perfil Estable,Perfil Estable,94.0
305,Perfil Estable,Perfil Estable,93.0
306,Junior Vulnerable,Junior Vulnerable,99.0
307,Saturado Logístico,Saturado Logístico,91.0
308,Perfil Estable,Perfil Estable,88.0
309,Perfil Estable,Perfil Estable,93.0
310,Perfil Estable,Perfil Estable,97.0
311,Perfil Estable,Perfil Estable,93.0
312,Saturado Logístico,Saturado Logístico,97.0
313,Perfil Estable,Perfil Estable,99.0
314,Perfil Estable,Perfil Estable,99.0
315,Perfil Estable,Perfil Estable,98.0
316,Perfil Estable,Perfil Estable,95.0
317,Perfil Estable,Perfil Estable,99.0
318,Saturado Logístico,Saturado Logístico,97.0
319,Saturado Logístico,Saturado Logístico,94.0
320,Perfil Estable,Perfil Estable,99.0
321,Perfil Estable,Perfil Estable,92.0
322,Perfil Estable,Perfil Estable,92.0
323,Perfil Estable,Perfil Estable,97.0
324,Perfil Estable,Perfil Estable,97.0
325,Perfil Estable,Perfil Estable,100.0
326,Perfil Estable,Perfil Estable,94.0
327,Saturado Logístico,Saturado Logístico,95.0
328,Saturado Logístico,Saturado Logístico,91.0
329,Saturado Logístico,Saturado Logístico,96.0
330,Perfil Estable,Perfil Estable,93.0
331,Saturado Logístico,Saturado Logístico,81.0
332,Perfil Estable,Perfil Estable,95.0
333,Perfil Estable,Perfil Estable,93.0
334,Junior Vulnerable,Junior Vulnerable,97.0
335,Perfil Estable,Perfil Estable,91.0
336,Perfil Estable,Perfil Estable,99.0
337,Junior Vulnerable,Junior Vulnerable,99.0
338,Perfil Estable,Perfil Estable,92.0
339,Perfil Estable,Perfil Estable,95.0
340,Saturado Logístico,Saturado Logístico,99.0
341,Perfil Estable,Perfil Estable,92.0
342,Perfil Estable,Perfil Estable,96.0
343,Perfil Estable,Perfil Estable,93.0
344,Saturado Logístico,Saturado Logístico,81.0
345,Perfil Estable,Perfil Estable,93.0
346,Perfil Estable,Perfil Estable,95.0
347,Perfil Estable,Perfil Estable,92.0
348,Perfil Estable,Perfil Estable,88.0
349,Perfil Estable,Perfil Estable,99.0
350,Saturado Logístico,Saturado Logístico,95.0
351,Perfil Estable,Perfil Estable,96.0
352,Saturado Logístico,Saturado Logístico,95.0
353,Perfil Estable,Perfil Estable,99.0
354,Perfil Estable,Perfil Estable,97.0
355,Saturado Logístico,Saturado Logístico,96.0
356,Perfil Estable,Perfil Estable,97.0
357,Perfil Estable,Perfil Estable,99.0
358,Perfil Estable,Perfil Estable,94.0
359,Perfil Estable,Junior Vulnerable,92.0
360,Saturado Logístico,Saturado Logístico,96.0
361,Perfil Estable,Perfil Estable,97.0
362,Perfil Estable,Perfil Estable,92.0
363,Saturado Logístico,Saturado Logístico,97.0
364,Perfil Estable,Perfil Estable,87.0
365,Saturado Logístico,Saturado Logístico,96.0
366,Perfil Estable,Perfil Estable,97.0
367,Perfil Estable,Perfil Estable,96.0
368,Perfil Estable,Perfil Estable,99.0
369,Saturado Logístico,Saturado Logístico,100.0
370,Perfil Estable,Perfil Estable,91.0
371,Perfil Estable,Perfil Estable,99.0
372,Saturado Logístico,Saturado Logístico,91.0
373,Perfil Estable,Perfil Estable,92.0
374,Perfil Estable,Perfil Estable,92.0
375,Perfil Estable,Perfil Estable,93.0
376,Saturado Logístico,Saturado Logístico,96.0
377,Perfil Estable,Perfil Estable,98.0
378,Perfil Estable,Perfil Estable,93.0
379,Saturado Logístico,Saturado Logístico,96.0
380,Perfil Estable,Perfil Estable,97.0
381,Perfil Estable,Perfil Estable,88.0
382,Perfil Estable,Perfil Estable,99.0
383,Perfil Estable,Perfil Estable,92.0
384,Saturado Logístico,Saturado Logístico,97.0
385,Perfil Estable,Perfil Estable,98.0
386,Perfil Estable,Perfil Estable,93.0
