ID,Service_time,Distance_Residence_Work,Work_load_Average_day,Hit_target,Disciplinary_failure,Age,Social_drinker,Body_mass_index,Perfil_Riesgo,Perfil_Final_IA,Prob_Saturacion,Prob_Inestabilidad
1,14,11,262.89447826086956,95.17391304347827,1,37,False,29,Perfil Estable,Perfil Estable,0.0,0.03
2,12,29,241.59699999999998,93.33333333333333,1,48,False,33,Perfil Estable,Perfil Estable,0.0,0.0
3,18,51,264.74721649484536,94.76288659793815,1,38,True,31,Perfil Estable,Perfil Estable,0.0,0.0
4,13,14,271.219,95.0,0,40,True,34,Perfil Estable,Perfil Estable,0.0,0.0
5,13,20,266.7413888888889,91.72222222222223,1,43,True,38,Perfil Estable,Perfil Estable,0.0,0.0
6,13,29,274.829,94.875,0,33,False,25,Perfil Estable,Perfil Estable,0.06,0.0
7,14,5,303.2108333333333,94.66666666666667,1,39,True,24,Perfil de Inestabilidad,Perfil de Inestabilidad,0.05,0.625
8,14,35,282.71799999999996,88.0,1,39,True,35,Perfil Estable,Perfil Estable,0.15,0.03
9,16,14,249.04225,95.875,0,58,False,22,Perfil Estable,Perfil Estable,0.0,0.0
10,3,52,258.764347826087,94.0,0,28,True,27,Junior Vulnerable,Junior Vulnerable,0.015,0.0
11,13,36,271.4343,93.85,1,33,True,30,Perfil Estable,Perfil Estable,0.0,0.0
12,1,51,271.274,96.14285714285714,0,31,True,21,Junior Vulnerable,Junior Vulnerable,0.005,0.0
13,12,17,261.5994,92.86666666666666,1,31,True,25,Perfil Estable,Perfil Estable,0.0,0.01
14,14,12,299.3543793103448,95.6896551724138,0,34,True,25,Perfil Estable,Perfil Estable,0.03,0.0
15,12,31,281.50175,92.41666666666667,1,40,True,25,Perfil Estable,Perfil Estable,0.04,0.01
16,24,15,248.64249999999998,97.5,0,46,True,25,Perfil Estable,Perfil Estable,0.01,0.0
17,17,22,281.838,96.0,0,40,False,22,Perfil Estable,Perfil Estable,0.215,0.0
18,4,16,266.5655625,96.25,1,28,False,25,Junior Vulnerable,Perfil Estable,0.0,0.165
19,12,50,281.12899999999996,89.33333333333333,1,32,True,23,Perfil Estable,Perfil Estable,0.105,0.01
20,11,50,267.2015714285714,94.57142857142857,1,36,True,23,Perfil Estable,Perfil Estable,0.0,0.01
21,8,11,256.998,94.0,1,33,False,25,Perfil Estable,Perfil Estable,0.0,0.03
22,9,26,268.868243902439,95.02439024390245,0,30,False,19,Perfil Estable,Perfil Estable,0.0,0.0
23,11,49,301.01,96.125,1,36,False,21,Perfil de Inestabilidad,Saturado Logístico,0.475,0.19
24,16,25,281.32439285714287,94.14285714285714,1,41,True,23,Perfil Estable,Perfil Estable,0.065,0.015
25,8,16,254.81750000000002,95.6,0,32,False,25,Perfil Estable,Perfil Estable,0.0,0.0
26,13,26,247.717,95.4,0,43,True,25,Perfil Estable,Perfil Estable,0.005,0.0
27,7,42,299.95633333333336,95.16666666666667,0,27,False,21,Saturado Logístico,Saturado Logístico,0.945,0.0
28,9,26,281.79805405405403,94.93243243243244,1,28,False,24,Perfil Estable,Perfil Estable,0.0,0.01
29,15,26,243.7386,97.2,1,41,True,28,Perfil Estable,Perfil Estable,0.0,0.0
30,6,27,263.3658571428572,93.71428571428571,1,29,True,22,Perfil Estable,Perfil Estable,0.0,0.015
31,9,15,328.018,96.66666666666667,1,50,False,24,Perfil de Inestabilidad,Perfil de Inestabilidad,0.04,0.595
32,29,48,309.1282,92.6,0,49,False,36,Saturado Logístico,Saturado Logístico,0.88,0.0
33,14,25,263.58025000000004,94.79166666666667,1,47,False,32,Perfil Estable,Perfil Estable,0.0,0.005
34,10,10,267.84938,94.62,0,37,False,28,Perfil Estable,Perfil Estable,0.0,0.0
35,14,45,271.219,95.0,0,53,False,25,Perfil Estable,Perfil Estable,0.03,0.01
36,18,13,272.2835,94.32352941176471,1,50,True,31,Perfil Estable,Perfil Estable,0.0,0.005
37,11,50,261.306,97.0,0,36,True,23,Perfil Estable,Perfil Estable,0.0,0.0
38,16,25,294.217,81.0,0,41,True,23,Saturado Logístico,Saturado Logístico,1.0,0.0
39,13,29,251.818,96.0,0,33,False,25,Perfil Estable,Perfil Estable,0.03,0.0
40,3,52,239.554,97.0,0,28,True,27,Perfil Estable,Junior Vulnerable,0.015,0.0
41,10,10,251.818,96.0,0,37,False,28,Perfil Estable,Perfil Estable,0.0,0.0
42,9,26,306.345,93.0,0,28,False,24,Saturado Logístico,Saturado Logístico,1.0,0.0
43,6,27,265.615,94.0,0,29,True,22,Perfil Estable,Perfil Estable,0.01,0.0
44,13,20,249.797,93.0,0,43,True,38,Perfil Estable,Perfil Estable,0.0,0.0
45,11,50,253.465,93.0,0,36,True,23,Perfil Estable,Perfil Estable,0.0,0.0
46,9,26,306.345,93.0,0,28,False,24,Saturado Logístico,Saturado Logístico,1.0,0.0
47,16,25,251.818,96.0,0,41,True,23,Perfil Estable,Perfil Estable,0.0,0.0
48,13,36,326.452,96.0,0,33,True,30,Saturado Logístico,Saturado Logístico,1.0,0.0
49,18,51,222.196,99.0,0,38,True,31,Perfil Estable,Perfil Estable,0.0,0.0
50,10,10,261.306,97.0,0,37,False,28,Perfil Estable,Perfil Estable,0.0,0.0
51,29,48,284.853,91.0,0,49,False,36,Saturado Logístico,Saturado Logístico,0.905,0.0
52,11,50,251.818,96.0,0,36,True,23,Perfil Estable,Perfil Estable,0.0,0.0
53,8,16,237.656,99.0,0,32,False,25,Perfil Estable,Perfil Estable,0.0,0.0
54,13,36,239.554,97.0,0,33,True,30,Perfil Estable,Perfil Estable,0.0,0.0
55,13,36,275.312,98.0,0,33,True,30,Perfil Estable,Perfil Estable,0.01,0.0
56,17,22,343.253,95.0,0,40,False,22,Saturado Logístico,Saturado Logístico,0.98,0.005
57,13,20,246.074,99.0,0,43,True,38,Perfil Estable,Perfil Estable,0.0,0.0
58,9,26,246.074,99.0,0,30,False,19,Perfil Estable,Perfil Estable,0.0,0.0
59,13,36,222.196,99.0,0,33,True,30,Perfil Estable,Perfil Estable,0.0,0.0
60,13,26,230.29,92.0,0,43,True,25,Perfil Estable,Perfil Estable,0.005,0.0
61,15,15,264.249,97.0,0,41,True,28,Perfil Estable,Perfil Estable,0.0,0.0
62,13,36,308.593,95.0,0,33,True,30,Saturado Logístico,Saturado Logístico,1.0,0.0
63,18,13,237.656,99.0,0,50,True,31,Perfil Estable,Perfil Estable,0.0,0.0
64,18,51,378.884,92.0,0,38,True,31,Saturado Logístico,Saturado Logístico,0.975,0.01
65,9,26,306.345,93.0,0,28,False,24,Saturado Logístico,Saturado Logístico,1.0,0.0
66,18,13,246.288,91.0,0,50,True,31,Perfil Estable,Perfil Estable,0.0,0.0
67,17,22,313.532,96.0,0,40,False,22,Saturado Logístico,Saturado Logístico,0.97,0.005
68,9,26,246.074,99.0,0,30,False,19,Perfil Estable,Perfil Estable,0.0,0.0
69,12,31,284.853,91.0,0,40,True,25,Saturado Logístico,Saturado Logístico,1.0,0.0
70,16,25,326.452,96.0,0,41,True,23,Saturado Logístico,Saturado Logístico,1.0,0.0
71,10,10,249.797,93.0,0,37,False,28,Perfil Estable,Perfil Estable,0.0,0.0
72,18,51,265.017,88.0,0,38,True,31,Perfil Estable,Perfil Estable,0.0,0.0
73,13,20,330.061,100.0,0,43,True,38,Saturado Logístico,Saturado Logístico,0.86,0.0
74,14,25,326.452,96.0,0,47,False,32,Saturado Logístico,Saturado Logístico,0.935,0.0
75,12,31,253.465,93.0,0,40,True,25,Perfil Estable,Perfil Estable,0.005,0.0
76,13,36,205.917,92.0,0,33,True,30,Perfil Estable,Perfil Estable,0.0,0.0
77,9,26,264.249,97.0,0,30,False,19,Perfil Estable,Perfil Estable,0.0,0.0
78,16,25,294.217,81.0,0,41,True,23,Saturado Logístico,Saturado Logístico,1.0,0.0
79,14,25,253.465,93.0,0,47,False,32,Perfil Estable,Perfil Estable,0.0,0.0
80,14,11,205.917,92.0,0,37,False,29,Perfil Estable,Perfil Estable,0.0,0.0
81,18,51,251.818,96.0,0,38,True,31,Perfil Estable,Perfil Estable,0.0,0.0
82,9,26,302.585,99.0,0,28,False,24,Saturado Logístico,Saturado Logístico,0.99,0.0
83,10,10,308.593,95.0,0,37,False,28,Perfil Estable,Perfil Estable,0.005,0.0
84,12,17,284.853,91.0,0,31,True,25,Saturado Logístico,Saturado Logístico,0.925,0.0
85,14,25,306.345,93.0,0,47,False,32,Saturado Logístico,Saturado Logístico,0.955,0.0
86,11,50,236.629,93.0,0,36,True,23,Perfil Estable,Perfil Estable,0.0,0.0
87,18,51,264.249,97.0,0,38,True,31,Perfil Estable,Perfil Estable,0.0,0.0
88,18,51,251.818,96.0,0,38,True,31,Perfil Estable,Perfil Estable,0.0,0.0
89,18,51,378.884,92.0,0,38,True,31,Saturado Logístico,Saturado Logístico,0.975,0.01
90,13,20,280.549,98.0,0,43,True,38,Perfil Estable,Perfil Estable,0.115,0.0
91,18,51,264.249,97.0,0,38,True,31,Perfil Estable,Perfil Estable,0.0,0.0
92,14,25,246.288,91.0,0,47,False,32,Perfil Estable,Perfil Estable,0.0,0.0
93,14,12,284.031,97.0,0,34,True,25,Perfil Estable,Perfil Estable,0.02,0.0
94,12,31,284.031,97.0,0,40,True,25,Saturado Logístico,Saturado Logístico,0.965,0.0
95,18,13,239.554,97.0,1,50,True,31,Perfil Estable,Perfil Estable,0.0,0.005
96,9,26,264.604,93.0,0,28,False,24,Perfil Estable,Perfil Estable,0.0,0.0
97,11,50,230.29,92.0,0,36,True,23,Perfil Estable,Perfil Estable,0.0,0.0
98,14,25,222.196,99.0,0,47,False,32,Perfil Estable,Perfil Estable,0.0,0.0
99,9,26,326.452,96.0,0,28,False,24,Saturado Logístico,Saturado Logístico,1.0,0.0
100,12,31,253.957,95.0,0,40,True,25,Perfil Estable,Perfil Estable,0.005,0.0
101,16,25,284.853,91.0,0,41,True,23,Saturado Logístico,Saturado Logístico,1.0,0.0
102,3,52,265.615,94.0,0,28,True,27,Junior Vulnerable,Junior Vulnerable,0.015,0.0
103,18,13,377.55,94.0,0,50,True,31,Perfil Estable,Perfil Estable,0.005,0.01
104,10,10,246.074,99.0,0,37,False,28,Perfil Estable,Perfil Estable,0.0,0.0
105,18,51,284.031,97.0,0,38,True,31,Saturado Logístico,Saturado Logístico,0.99,0.0
106,13,36,253.465,93.0,0,33,True,30,Perfil Estable,Perfil Estable,0.0,0.0
107,9,26,313.532,96.0,0,30,False,19,Saturado Logístico,Saturado Logístico,0.975,0.0
108,10,10,261.306,97.0,0,37,False,28,Perfil Estable,Perfil Estable,0.0,0.0
109,14,5,239.554,97.0,0,39,True,24,Perfil Estable,Perfil Estable,0.0,0.08
110,14,12,330.061,100.0,0,34,True,25,Perfil Estable,Perfil Estable,0.105,0.02
111,18,51,236.629,93.0,0,38,True,31,Perfil Estable,Perfil Estable,0.0,0.0
112,9,26,253.957,95.0,0,28,False,24,Perfil Estable,Perfil Estable,0.0,0.0
113,10,10,244.387,98.0,0,37,False,28,Perfil Estable,Perfil Estable,0.0,0.0
114,12,29,230.29,92.0,0,48,False,33,Perfil Estable,Perfil Estable,0.0,0.0
115,14,12,280.549,98.0,0,34,True,25,Perfil Estable,Perfil Estable,0.005,0.0
116,18,51,326.452,96.0,0,38,True,31,Saturado Logístico,Saturado Logístico,1.0,0.0
117,18,51,236.629,93.0,0,38,True,31,Perfil Estable,Perfil Estable,0.0,0.0
118,10,10,268.519,93.0,0,37,False,28,Perfil Estable,Perfil Estable,0.0,0.0
119,13,14,271.219,95.0,0,40,True,34,Perfil Estable,Perfil Estable,0.0,0.0
120,10,10,275.089,96.0,0,37,False,28,Perfil Estable,Perfil Estable,0.0,0.0
121,14,11,236.629,93.0,0,37,False,29,Perfil Estable,Perfil Estable,0.0,0.0
122,14,25,264.249,97.0,0,47,False,32,Perfil Estable,Perfil Estable,0.0,0.0
123,16,25,253.957,95.0,0,41,True,23,Perfil Estable,Perfil Estable,0.0,0.0
124,11,50,239.554,97.0,0,36,True,23,Perfil Estable,Perfil Estable,0.0,0.0
125,9,26,302.585,99.0,0,30,False,19,Saturado Logístico,Saturado Logístico,0.935,0.0
126,17,22,237.656,99.0,0,40,False,22,Perfil Estable,Perfil Estable,0.0,0.0
127,9,26,264.249,97.0,0,28,False,24,Perfil Estable,Perfil Estable,0.0,0.0
128,18,51,244.387,98.0,0,38,True,31,Perfil Estable,Perfil Estable,0.0,0.0
129,4,16,205.917,92.0,0,28,False,25,Perfil Estable,Perfil Estable,0.0,0.0
130,12,31,284.031,97.0,0,40,True,25,Saturado Logístico,Saturado Logístico,0.965,0.0
131,9,26,275.312,98.0,0,30,False,19,Perfil Estable,Perfil Estable,0.0,0.0
132,18,51,377.55,94.0,0,38,True,31,Saturado Logístico,Saturado Logístico,0.985,0.0
133,14,12,237.656,99.0,0,34,True,25,Perfil Estable,Perfil Estable,0.0,0.0
134,11,50,284.031,97.0,0,36,True,23,Saturado Logístico,Saturado Logístico,0.975,0.0
135,9,26,253.465,93.0,0,28,False,24,Perfil Estable,Perfil Estable,0.0,0.0
136,11,50,241.476,92.0,0,36,True,23,Perfil Estable,Perfil Estable,0.0,0.0
137,9,26,284.853,91.0,0,28,False,24,Saturado Logístico,Saturado Logístico,0.88,0.0
138,9,26,253.957,95.0,0,30,False,19,Perfil Estable,Perfil Estable,0.0,0.0
139,14,25,265.615,94.0,0,47,False,32,Perfil Estable,Perfil Estable,0.0,0.0
140,16,14,222.196,99.0,0,58,False,22,Perfil Estable,Perfil Estable,0.0,0.0
141,18,51,249.797,93.0,0,38,True,31,Perfil Estable,Perfil Estable,0.0,0.0
142,9,26,261.306,97.0,0,28,False,24,Perfil Estable,Perfil Estable,0.0,0.0
143,13,29,302.585,99.0,0,33,False,25,Saturado Logístico,Saturado Logístico,0.985,0.0
144,13,36,306.345,93.0,0,33,True,30,Saturado Logístico,Saturado Logístico,1.0,0.0
145,16,14,264.604,93.0,0,58,False,22,Perfil Estable,Perfil Estable,0.0,0.0
146,14,25,343.253,95.0,0,47,False,32,Saturado Logístico,Saturado Logístico,0.95,0.0
147,14,25,306.345,93.0,0,47,False,32,Saturado Logístico,Saturado Logístico,0.955,0.0
148,17,22,343.253,95.0,0,40,False,22,Saturado Logístico,Saturado Logístico,0.98,0.005
149,18,51,239.554,97.0,0,38,True,31,Perfil Estable,Perfil Estable,0.0,0.0
150,8,11,275.089,96.0,1,33,False,25,Perfil Estable,Perfil Estable,0.0,0.035
151,3,52,377.55,94.0,0,28,True,27,Saturado Logístico,Saturado Logístico,0.695,0.03
152,18,51,241.476,92.0,0,38,True,31,Perfil Estable,Perfil Estable,0.0,0.0
153,17,22,237.656,99.0,0,40,False,22,Perfil Estable,Perfil Estable,0.0,0.0
154,10,10,246.074,99.0,0,37,False,28,Perfil Estable,Perfil Estable,0.0,0.0
155,10,10,230.29,92.0,0,37,False,28,Perfil Estable,Perfil Estable,0.0,0.0
156,18,51,378.884,92.0,0,38,True,31,Saturado Logístico,Saturado Logístico,0.975,0.01
157,18,51,236.629,93.0,0,38,True,31,Perfil Estable,Perfil Estable,0.0,0.0
158,13,36,343.253,95.0,0,33,True,30,Saturado Logístico,Saturado Logístico,1.0,0.0
159,11,49,377.55,94.0,0,36,False,21,Saturado Logístico,Saturado Logístico,0.98,0.0
160,10,10,268.519,93.0,0,37,False,28,Perfil Estable,Perfil Estable,0.0,0.0
161,9,26,268.519,93.0,0,28,False,24,Perfil Estable,Perfil Estable,0.0,0.0
162,12,31,284.853,91.0,0,40,True,25,Saturado Logístico,Saturado Logístico,1.0,0.0
163,12,31,306.345,93.0,0,40,True,25,Saturado Logístico,Saturado Logístico,0.975,0.005
164,10,10,253.465,93.0,0,37,False,28,Perfil Estable,Perfil Estable,0.0,0.0
165,9,15,302.585,99.0,0,50,False,24,Perfil Estable,Perfil Estable,0.09,0.045
166,13,36,326.452,96.0,0,33,True,30,Saturado Logístico,Saturado Logístico,1.0,0.0
167,13,36,378.884,92.0,0,33,True,30,Saturado Logístico,Saturado Logístico,0.99,0.01
168,14,11,261.306,97.0,0,37,False,29,Perfil Estable,Perfil Estable,0.0,0.0
169,4,16,253.957,95.0,0,28,False,25,Junior Vulnerable,Perfil Estable,0.0,0.0
170,18,51,251.818,96.0,0,38,True,31,Perfil Estable,Perfil Estable,0.0,0.0
171,9,26,280.549,98.0,0,28,False,24,Perfil Estable,Perfil Estable,0.0,0.0
172,18,13,275.089,96.0,0,50,True,31,Perfil Estable,Perfil Estable,0.0,0.0
173,11,50,253.465,93.0,0,36,True,23,Perfil Estable,Perfil Estable,0.0,0.0
174,12,31,284.031,97.0,0,40,True,25,Saturado Logístico,Saturado Logístico,0.965,0.0
175,10,10,284.031,97.0,0,37,False,28,Perfil Estable,Perfil Estable,0.045,0.0
176,18,51,249.797,93.0,0,38,True,31,Perfil Estable,Perfil Estable,0.0,0.0
177,15,15,264.249,97.0,0,41,True,28,Perfil Estable,Perfil Estable,0.0,0.0
178,4,16,275.312,98.0,0,28,False,25,Junior Vulnerable,Perfil Estable,0.0,0.0
179,18,51,343.253,95.0,0,38,True,31,Saturado Logístico,Saturado Logístico,1.0,0.0
180,13,36,205.917,92.0,0,33,True,30,Perfil Estable,Perfil Estable,0.0,0.0
181,18,51,222.196,99.0,0,38,True,31,Perfil Estable,Perfil Estable,0.0,0.0
182,18,51,264.249,97.0,0,38,True,31,Perfil Estable,Perfil Estable,0.0,0.0
183,3,52,237.656,99.0,0,28,True,27,Perfil Estable,Junior Vulnerable,0.015,0.0
184,13,20,253.957,95.0,0,43,True,38,Perfil Estable,Perfil Estable,0.0,0.0
185,13,36,265.017,88.0,0,33,True,30,Perfil Estable,Perfil Estable,0.0,0.0
186,9,26,265.615,94.0,0,30,False,19,Perfil Estable,Perfil Estable,0.0,0.0
187,10,10,308.593,95.0,0,37,False,28,Perfil Estable,Perfil Estable,0.005,0.0
188,13,36,326.452,96.0,0,33,True,30,Saturado Logístico,Saturado Logístico,1.0,0.0
189,17,22,237.656,99.0,0,40,False,22,Perfil Estable,Perfil Estable,0.0,0.0
190,13,20,265.017,88.0,1,43,True,38,Perfil Estable,Perfil Estable,0.0,0.0
191,9,26,280.549,98.0,0,28,False,24,Perfil Estable,Perfil Estable,0.0,0.0
192,11,50,246.074,99.0,0,36,True,23,Perfil Estable,Perfil Estable,0.0,0.0
193,4,16,230.29,92.0,0,28,False,25,Perfil Estable,Perfil Estable,0.0,0.0
194,4,16,237.656,99.0,0,28,False,25,Perfil Estable,Perfil Estable,0.0,0.0
195,14,25,222.196,99.0,0,47,False,32,Perfil Estable,Perfil Estable,0.0,0.0
196,9,26,253.957,95.0,0,28,False,24,Perfil Estable,Perfil Estable,0.0,0.0
197,14,5,284.031,97.0,1,39,True,24,Perfil de Inestabilidad,Perfil Estable,0.07,0.395
198,9,26,275.312,98.0,0,30,False,19,Perfil Estable,Perfil Estable,0.0,0.0
199,13,36,264.604,93.0,0,33,True,30,Perfil Estable,Perfil Estable,0.0,0.0
200,18,51,246.074,99.0,0,38,True,31,Perfil Estable,Perfil Estable,0.0,0.0
201,16,25,377.55,94.0,0,41,True,23,Saturado Logístico,Saturado Logístico,0.995,0.0
202,16,25,239.554,97.0,0,41,True,23,Perfil Estable,Perfil Estable,0.0,0.0
203,10,10,261.306,97.0,0,37,False,28,Perfil Estable,Perfil Estable,0.0,0.0
204,14,12,275.312,98.0,0,34,True,25,Perfil Estable,Perfil Estable,0.0,0.0
205,16,25,294.217,81.0,0,41,True,23,Saturado Logístico,Saturado Logístico,1.0,0.0
206,18,13,377.55,94.0,0,50,True,31,Perfil Estable,Perfil Estable,0.005,0.01
207,14,12,237.656,99.0,0,34,True,25,Perfil Estable,Perfil Estable,0.0,0.0
208,9,15,378.884,92.0,1,50,False,24,Perfil de Inestabilidad,Perfil de Inestabilidad,0.03,0.78
209,9,26,268.519,93.0,0,28,False,24,Perfil Estable,Perfil Estable,0.0,0.0
210,14,5,230.29,92.0,0,39,True,24,Perfil Estable,Perfil Estable,0.0,0.08
211,9,26,222.196,99.0,0,30,False,19,Perfil Estable,Perfil Estable,0.0,0.0
212,10,10,268.519,93.0,0,37,False,28,Perfil Estable,Perfil Estable,0.0,0.0
213,13,36,265.615,94.0,0,33,True,30,Perfil Estable,Perfil Estable,0.0,0.0
214,16,14,222.196,99.0,0,58,False,22,Perfil Estable,Perfil Estable,0.0,0.0
215,18,51,253.957,95.0,0,38,True,31,Perfil Estable,Perfil Estable,0.0,0.0
216,10,10,246.288,91.0,0,37,False,28,Perfil Estable,Perfil Estable,0.0,0.0
217,14,11,205.917,92.0,0,37,False,29,Perfil Estable,Perfil Estable,0.0,0.0
218,16,25,284.853,91.0,0,41,True,23,Saturado Logístico,Saturado Logístico,1.0,0.0
219,18,13,237.656,99.0,0,50,True,31,Perfil Estable,Perfil Estable,0.0,0.0
220,18,13,275.089,96.0,0,50,True,31,Perfil Estable,Perfil Estable,0.0,0.0
221,9,26,306.345,93.0,0,28,False,24,Saturado Logístico,Saturado Logístico,1.0,0.0
222,18,51,268.519,93.0,0,38,True,31,Perfil Estable,Perfil Estable,0.0,0.0
223,14,12,326.452,96.0,0,34,True,25,Perfil Estable,Perfil Estable,0.105,0.02
224,9,26,264.249,97.0,0,30,False,19,Perfil Estable,Perfil Estable,0.0,0.0
225,11,50,326.452,96.0,0,36,True,23,Saturado Logístico,Saturado Logístico,0.99,0.0
226,18,51,236.629,93.0,0,38,True,31,Perfil Estable,Perfil Estable,0.0,0.0
227,12,17,268.519,93.0,0,31,True,25,Perfil Estable,Perfil Estable,0.05,0.0
228,11,50,236.629,93.0,0,36,True,23,Perfil Estable,Perfil Estable,0.0,0.0
229,18,13,246.288,91.0,0,50,True,31,Perfil Estable,Perfil Estable,0.0,0.0
230,16,14,264.604,93.0,0,58,False,22,Perfil Estable,Perfil Estable,0.0,0.0
231,9,26,265.017,88.0,0,30,False,19,Perfil Estable,Perfil Estable,0.0,0.0
232,18,51,302.585,99.0,0,38,True,31,Saturado Logístico,Saturado Logístico,1.0,0.0
233,8,11,230.29,92.0,0,33,False,25,Perfil Estable,Perfil Estable,0.0,0.0
234,14,12,261.756,87.0,0,34,True,25,Perfil Estable,Perfil Estable,0.0,0.0
235,9,26,246.288,91.0,0,28,False,24,Perfil Estable,Perfil Estable,0.0,0.0
236,18,51,239.409,98.0,0,38,True,31,Perfil Estable,Perfil Estable,0.0,0.0
237,16,25,284.853,91.0,0,41,True,23,Saturado Logístico,Saturado Logístico,1.0,0.0
238,13,29,302.585,99.0,0,33,False,25,Saturado Logístico,Saturado Logístico,0.985,0.0
239,16,25,251.818,96.0,0,41,True,23,Perfil Estable,Perfil Estable,0.0,0.0
240,14,25,268.519,93.0,0,47,False,32,Perfil Estable,Perfil Estable,0.0,0.0
241,9,26,246.074,99.0,0,30,False,19,Perfil Estable,Perfil Estable,0.0,0.0
242,18,51,284.031,97.0,0,38,True,31,Saturado Logístico,Saturado Logístico,0.99,0.0
243,9,26,241.476,92.0,1,28,False,24,Perfil Estable,Perfil Estable,0.0,0.005
244,18,51,222.196,99.0,0,38,True,31,Perfil Estable,Perfil Estable,0.0,0.0
245,18,51,343.253,95.0,0,38,True,31,Saturado Logístico,Saturado Logístico,1.0,0.0
246,8,16,268.519,93.0,0,32,False,25,Perfil Estable,Perfil Estable,0.0,0.0
247,16,14,222.196,99.0,0,58,False,22,Perfil Estable,Perfil Estable,0.0,0.0
248,11,50,253.957,95.0,0,36,True,23,Perfil Estable,Perfil Estable,0.0,0.0
249,9,26,265.017,88.0,0,30,False,19,Perfil Estable,Perfil Estable,0.0,0.0
250,18,51,205.917,92.0,0,38,True,31,Perfil Estable,Perfil Estable,0.0,0.0
251,10,10,244.387,98.0,0,37,False,28,Perfil Estable,Perfil Estable,0.0,0.0
252,14,12,239.554,97.0,0,34,True,25,Perfil Estable,Perfil Estable,0.0,0.0
253,17,22,246.074,99.0,0,40,False,22,Perfil Estable,Perfil Estable,0.0,0.0
254,14,25,284.853,91.0,0,47,False,32,Saturado Logístico,Saturado Logístico,0.97,0.0
255,7,42,265.615,94.0,0,27,False,21,Perfil Estable,Perfil Estable,0.055,0.0
256,11,50,326.452,96.0,0,36,True,23,Saturado Logístico,Saturado Logístico,0.99,0.0
257,13,36,241.476,92.0,1,33,True,30,Perfil Estable,Perfil Estable,0.0,0.0
258,14,11,244.387,98.0,0,37,False,29,Perfil Estable,Perfil Estable,0.0,0.0
259,16,25,251.818,96.0,0,41,True,23,Perfil Estable,Perfil Estable,0.0,0.0
260,3,52,268.519,93.0,0,28,True,27,Junior Vulnerable,Junior Vulnerable,0.015,0.0
261,18,51,264.249,97.0,0,38,True,31,Perfil Estable,Perfil Estable,0.0,0.0
262,18,51,222.196,99.0,0,38,True,31,Perfil Estable,Perfil Estable,0.0,0.0
263,9,26,308.593,95.0,0,28,False,24,Saturado Logístico,Saturado Logístico,1.0,0.0
264,18,13,253.465,93.0,1,50,True,31,Perfil Estable,Perfil Estable,0.0,0.005
265,13,36,308.593,95.0,0,33,True,30,Saturado Logístico,Saturado Logístico,1.0,0.0
266,11,50,239.554,97.0,0,36,True,23,Perfil Estable,Perfil Estable,0.0,0.0
267,16,25,377.55,94.0,0,41,True,23,Saturado Logístico,Saturado Logístico,0.995,0.0
268,16,25,244.387,98.0,0,41,True,23,Perfil Estable,Perfil Estable,0.0,0.0
269,9,26,308.593,95.0,0,28,False,24,Saturado Logístico,Saturado Logístico,1.0,0.0
270,9,26,236.629,93.0,0,30,False,19,Perfil Estable,Perfil Estable,0.0,0.0
271,13,36,308.593,95.0,0,33,True,30,Saturado Logístico,Saturado Logístico,1.0,0.0
272,18,51,222.196,99.0,0,38,True,31,Perfil Estable,Perfil Estable,0.0,0.0
273,18,51,251.818,96.0,0,38,True,31,Perfil Estable,Perfil Estable,0.0,0.0
274,10,10,275.089,96.0,0,37,False,28,Perfil Estable,Perfil Estable,0.0,0.0
275,10,10,261.306,97.0,0,37,False,28,Perfil Estable,Perfil Estable,0.0,0.0
276,11,49,244.387,98.0,0,36,False,21,Perfil Estable,Perfil Estable,0.04,0.0
277,8,16,264.249,97.0,0,32,False,25,Perfil Estable,Perfil Estable,0.0,0.0
278,11,50,265.017,88.0,0,36,True,23,Perfil Estable,Perfil Estable,0.0,0.0
279,10,10,308.593,95.0,0,37,False,28,Perfil Estable,Perfil Estable,0.005,0.0
280,12,17,246.288,91.0,0,31,True,25,Perfil Estable,Perfil Estable,0.0,0.0
281,3,52,378.884,92.0,0,28,True,27,Saturado Logístico,Saturado Logístico,0.72,0.04
282,14,12,275.312,98.0,0,34,True,25,Perfil Estable,Perfil Estable,0.0,0.0
283,9,26,253.465,93.0,0,28,False,24,Perfil Estable,Perfil Estable,0.0,0.0
284,16,25,253.957,95.0,0,41,True,23,Perfil Estable,Perfil Estable,0.0,0.0
285,18,13,275.312,98.0,0,50,True,31,Perfil Estable,Perfil Estable,0.0,0.0
286,3,52,246.074,99.0,0,28,True,27,Junior Vulnerable,Junior Vulnerable,0.015,0.0
287,11,50,241.476,92.0,1,36,True,23,Perfil Estable,Perfil Estable,0.0,0.01
288,4,16,378.884,92.0,1,28,False,25,Perfil de Inestabilidad,Perfil de Inestabilidad,0.09,0.69
289,9,26,280.549,98.0,0,28,False,24,Perfil Estable,Perfil Estable,0.0,0.0
290,10,10,241.476,92.0,0,37,False,28,Perfil Estable,Perfil Estable,0.0,0.0
291,10,10,253.465,93.0,0,37,False,28,Perfil Estable,Perfil Estable,0.0,0.0
292,12,31,284.853,91.0,0,40,True,25,Saturado Logístico,Saturado Logístico,1.0,0.0
293,9,26,280.549,98.0,0,28,False,24,Perfil Estable,Perfil Estable,0.0,0.0
294,13,20,249.797,93.0,0,43,True,38,Perfil Estable,Perfil Estable,0.0,0.0
295,13,36,268.519,93.0,0,33,True,30,Perfil Estable,Perfil Estable,0.0,0.0
296,12,31,253.465,93.0,0,40,True,25,Perfil Estable,Perfil Estable,0.005,0.0
297,9,26,308.593,95.0,0,28,False,24,Saturado Logístico,Saturado Logístico,1.0,0.0
298,9,26,306.345,93.0,0,28,False,24,Saturado Logístico,Saturado Logístico,1.0,0.0
299,11,50,230.29,92.0,0,36,True,23,Perfil Estable,Perfil Estable,0.0,0.0
300,13,36,205.917,92.0,0,33,True,30,Perfil Estable,Perfil Estable,0.0,0.0
301,16,25,253.957,95.0,0,41,True,23,Perfil Estable,Perfil Estable,0.0,0.0
302,17,22,237.656,99.0,0,40,False,22,Perfil Estable,Perfil Estable,0.0,0.0
303,18,51,326.452,96.0,0,38,True,31,Saturado Logístico,Saturado Logístico,1.0,0.0
304,18,13,377.55,94.0,0,50,True,31,Perfil Estable,Perfil Estable,0.005,0.01
305,14,11,236.629,93.0,0,37,False,29,Perfil Estable,Perfil Estable,0.0,0.0
306,4,16,302.585,99.0,0,28,False,25,Junior Vulnerable,Junior Vulnerable,0.155,0.01
307,12,17,284.853,91.0,0,31,True,25,Saturado Logístico,Saturado Logístico,0.925,0.0
308,13,36,265.017,88.0,0,33,True,30,Perfil Estable,Perfil Estable,0.0,0.0
309,13,20,268.519,93.0,1,43,True,38,Perfil Estable,Perfil Estable,0.0,0.0
310,18,51,264.249,97.0,0,38,True,31,Perfil Estable,Perfil Estable,0.0,0.0
311,16,25,249.797,93.0,0,41,True,23,Perfil Estable,Perfil Estable,0.0,0.0
312,11,49,284.031,97.0,0,36,False,21,Saturado Logístico,Saturado Logístico,0.93,0.0
313,14,12,237.656,99.0,0,34,True,25,Perfil Estable,Perfil Estable,0.0,0.0
314,18,51,222.196,99.0,0,38,True,31,Perfil Estable,Perfil Estable,0.0,0.0
315,11,50,244.387,98.0,0,36,True,23,Perfil Estable,Perfil Estable,0.0,0.0
316,13,14,271.219,95.0,0,40,True,34,Perfil Estable,Perfil Estable,0.0,0.0
317,9,26,222.196,99.0,0,30,False,19,Perfil Estable,Perfil Estable,0.0,0.0
318,12,31,284.031,97.0,0,40,True,25,Saturado Logístico,Saturado Logístico,0.965,0.0
319,16,25,377.55,94.0,0,41,True,23,Saturado Logístico,Saturado Logístico,0.995,0.0
320,8,16,237.656,99.0,0,32,False,25,Perfil Estable,Perfil Estable,0.0,0.0
321,12,29,205.917,92.0,0,48,False,33,Perfil Estable,Perfil Estable,0.0,0.0
322,9,26,230.29,92.0,0,28,False,24,Perfil Estable,Perfil Estable,0.0,0.0
323,14,12,284.031,97.0,0,34,True,25,Perfil Estable,Perfil Estable,0.02,0.0
324,13,36,239.554,97.0,0,33,True,30,Perfil Estable,Perfil Estable,0.0,0.0
325,10,10,330.061,100.0,0,37,False,28,Perfil Estable,Perfil Estable,0.005,0.0
326,8,11,265.615,94.0,0,33,False,25,Perfil Estable,Perfil Estable,0.0,0.0
327,17,22,343.253,95.0,0,40,False,22,Saturado Logístico,Saturado Logístico,0.98,0.005
328,29,48,284.853,91.0,0,49,False,36,Saturado Logístico,Saturado Logístico,0.905,0.0
329,18,51,313.532,96.0,0,38,True,31,Saturado Logístico,Saturado Logístico,1.0,0.0
330,13,36,253.465,93.0,0,33,True,30,Perfil Estable,Perfil Estable,0.0,0.0
331,13,20,294.217,81.0,0,43,True,38,Saturado Logístico,Saturado Logístico,0.875,0.0
332,10,10,308.593,95.0,0,37,False,28,Perfil Estable,Perfil Estable,0.005,0.0
333,10,10,268.519,93.0,0,37,False,28,Perfil Estable,Perfil Estable,0.0,0.0
334,1,51,264.249,97.0,0,31,True,21,Junior Vulnerable,Junior Vulnerable,0.0,0.0
335,17,22,246.288,91.0,0,40,False,22,Perfil Estable,Perfil Estable,0.0,0.0
336,8,16,237.656,99.0,0,32,False,25,Perfil Estable,Perfil Estable,0.0,0.0
337,4,16,302.585,99.0,0,28,False,25,Junior Vulnerable,Junior Vulnerable,0.155,0.01
338,18,51,205.917,92.0,0,38,True,31,Perfil Estable,Perfil Estable,0.0,0.0
339,10,10,308.593,95.0,0,37,False,28,Perfil Estable,Perfil Estable,0.005,0.0
340,9,26,302.585,99.0,0,28,False,24,Saturado Logístico,Saturado Logístico,0.99,0.0
341,12,17,241.476,92.0,1,31,True,25,Perfil Estable,Perfil Estable,0.0,0.01
342,12,31,251.818,96.0,0,40,True,25,Perfil Estable,Perfil Estable,0.005,0.0
343,9,26,268.519,93.0,0,28,False,24,Perfil Estable,Perfil Estable,0.0,0.0
344,13,36,294.217,81.0,0,33,True,30,Saturado Logístico,Saturado Logístico,0.995,0.0
345,10,10,264.604,93.0,0,37,False,28,Perfil Estable,Perfil Estable,0.0,0.0
346,9,26,253.957,95.0,0,28,False,24,Perfil Estable,Perfil Estable,0.0,0.0
347,18,51,241.476,92.0,0,38,True,31,Perfil Estable,Perfil Estable,0.0,0.0
348,18,13,265.017,88.0,0,50,True,31,Perfil Estable,Perfil Estable,0.0,0.0
349,10,10,237.656,99.0,0,37,False,28,Perfil Estable,Perfil Estable,0.0,0.0
350,9,26,343.253,95.0,0,28,False,24,Saturado Logístico,Saturado Logístico,1.0,0.0
351,14,11,326.452,96.0,0,37,False,29,Perfil Estable,Perfil Estable,0.05,0.0
352,17,22,343.253,95.0,0,40,False,22,Saturado Logístico,Saturado Logístico,0.98,0.005
353,12,17,246.074,99.0,0,31,True,25,Perfil Estable,Perfil Estable,0.0,0.0
354,9,26,264.249,97.0,0,28,False,24,Perfil Estable,Perfil Estable,0.0,0.0
355,9,26,313.532,96.0,0,30,False,19,Saturado Logístico,Saturado Logístico,0.975,0.0
356,14,12,284.031,97.0,0,34,True,25,Perfil Estable,Perfil Estable,0.02,0.0
357,8,16,237.656,99.0,0,32,False,25,Perfil Estable,Perfil Estable,0.0,0.0
358,11,50,265.615,94.0,0,36,True,23,Perfil Estable,Perfil Estable,0.0,0.0
359,3,52,205.917,92.0,0,28,True,27,Perfil Estable,Junior Vulnerable,0.015,0.0
360,17,22,313.532,96.0,0,40,False,22,Saturado Logístico,Saturado Logístico,0.97,0.005
361,18,13,239.554,97.0,1,50,True,31,Perfil Estable,Perfil Estable,0.0,0.005
362,18,51,205.917,92.0,0,38,True,31,Perfil Estable,Perfil Estable,0.0,0.0
363,18,51,284.031,97.0,0,38,True,31,Saturado Logístico,Saturado Logístico,0.99,0.0
364,10,10,261.756,87.0,0,37,False,28,Perfil Estable,Perfil Estable,0.0,0.0
365,18,51,313.532,96.0,0,38,True,31,Saturado Logístico,Saturado Logístico,1.0,0.0
366,18,51,264.249,97.0,0,38,True,31,Perfil Estable,Perfil Estable,0.0,0.0
367,18,51,251.818,96.0,0,38,True,31,Perfil Estable,Perfil Estable,0.0,0.0
368,16,14,222.196,99.0,0,58,False,22,Perfil Estable,Perfil Estable,0.0,0.0
369,13,20,330.061,100.0,0,43,True,38,Saturado Logístico,Saturado Logístico,0.86,0.0
370,18,13,246.288,91.0,0,50,True,31,Perfil Estable,Perfil Estable,0.0,0.0
371,9,26,222.196,99.0,0,30,False,19,Perfil Estable,Perfil Estable,0.0,0.0
372,12,17,284.853,91.0,0,31,True,25,Saturado Logístico,Saturado Logístico,0.925,0.0
373,18,51,230.29,92.0,0,38,True,31,Perfil Estable,Perfil Estable,0.0,0.0
374,12,50,205.917,92.0,0,32,True,23,Perfil Estable,Perfil Estable,0.005,0.0
375,13,36,236.629,93.0,0,33,True,30,Perfil Estable,Perfil Estable,0.0,0.0
376,17,22,313.532,96.0,0,40,False,22,Saturado Logístico,Saturado Logístico,0.97,0.005
377,9,26,280.549,98.0,0,28,False,24,Perfil Estable,Perfil Estable,0.0,0.0
378,18,51,236.629,93.0,0,38,True,31,Perfil Estable,Perfil Estable,0.0,0.0
379,16,25,326.452,96.0,0,41,True,23,Saturado Logístico,Saturado Logístico,1.0,0.0
380,15,15,264.249,97.0,0,41,True,28,Perfil Estable,Perfil Estable,0.0,0.0
381,9,26,265.017,88.0,0,30,False,19,Perfil Estable,Perfil Estable,0.0,0.0
382,12,31,237.656,99.0,0,40,True,25,Perfil Estable,Perfil Estable,0.005,0.0
383,12,29,230.29,92.0,0,48,False,33,Perfil Estable,Perfil Estable,0.0,0.0
384,11,50,284.031,97.0,0,36,True,23,Saturado Logístico,Saturado Logístico,0.975,0.0
385,9,26,280.549,98.0,0,28,False,24,Perfil Estable,Perfil Estable,0.0,0.0
386,14,25,253.465,93.0,0,47,False,32,Perfil Estable,Perfil Estable,0.0,0.0
